CREATE TABLE IF NOT EXISTS HABITACION (
    ID BIGINT AUTO_INCREMENT PRIMARY KEY,
    NUMERO_HABITACION VARCHAR(25) NOT NULL,
    KEY_SECRET VARCHAR(50) NOT NULL,
    DESCRIPCION VARCHAR(255) NOT NULL,
    PRECIO_REFERENCIA DOUBLE NOT NULL,
    HOTEL_ID BIGINT NOT NULL,
    TIPO_HABITACION_ID BIGINT NOT NULL
);        
               
INSERT INTO HABITACION (ID, NUMERO_HABITACION, KEY_SECRET, DESCRIPCION, PRECIO_REFERENCIA, HOTEL_ID, TIPO_HABITACION_ID) VALUES
(1, 'P1 101', 'P1101PASS', STRINGDECODE('Habitaci\u00f3n con vista a la avenida'), 450, 1, 1),
(2, 'P2 201', 'P2201PASS', STRINGDECODE('Habitaci\u00f3n con vista a la ciudad'), 450, 1, 1),
(3, 'P3 301', 'P3301PASS', STRINGDECODE('Habitaci\u00f3n cerca de Bar'), 450, 1, 2),
(4, 'PH 401', 'PH401PASS', STRINGDECODE('Habitaci\u00f3n con Rof Garden'), 800, 1, 3);


CREATE TABLE IF NOT EXISTS SOLICITUD_SERVICIO(
    ID BIGINT AUTO_INCREMENT PRIMARY KEY,
    HABITACION_ID BIGINT,
    SERVICIO_ID BIGINT,
    FECHA_SOLICITUD TIMESTAMP NOT NULL,
    ESTADO_SOLICITUD VARCHAR(25) NOT NULL
);

INSERT INTO SOLICITUD_SERVICIO (ID, HABITACION_ID, SERVICIO_ID, FECHA_SOLICITUD, ESTADO_SOLICITUD) VALUES
(1, 1, 3, TIMESTAMP '2015-01-15 14:25:00.000', 'SOLICITADA'),
(2, 1, 2, TIMESTAMP '2015-01-16 12:00:00.000', 'PENDIENTE'),
(3, 3, 4, TIMESTAMP '2015-01-17 09:12:00.000', 'ATENDIDA'),
(4, 4, 1, TIMESTAMP '2015-01-18 17:32:00.000', 'ATENDIDA');

CREATE TABLE IF NOT EXISTS SOLICITUD_COMENTARIO(
    ID BIGINT AUTO_INCREMENT PRIMARY KEY,
    SOLICITUD_SERVICIO_ID BIGINT NOT NULL,
    TIPO_COMENTARIO VARCHAR(20) NOT NULL,
    EMPLEADO_ID BIGINT NULL,
    FECHA_COMENTARIO TIMESTAMP NOT NULL,
    COMENTARIO VARCHAR(255) NOT NULL
);

INSERT INTO SOLICITUD_COMENTARIO (ID, SOLICITUD_SERVICIO_ID, TIPO_COMENTARIO, EMPLEADO_ID, FECHA_COMENTARIO, COMENTARIO) VALUES
(1, 4, 'HABITACION', null, TIMESTAMP '2015-01-15 14:25:00.000', 'Por favor me puede enviar una plancha a mi habitacion'),
(2, 4, 'EMPLEADO', 1, TIMESTAMP '2015-01-16 12:00:00.000', 'De acuerdo, en un momento la subiran'),
(3, 4, 'HABITACION', null, TIMESTAMP '2015-01-17 09:12:00.000', 'Gracias'),
(4, 2, 'HABITACION', null, TIMESTAMP '2015-04-09 14:25:00.000', 'Solicito Taxi para el aeropuerto'),
(5, 3, 'HABITACION', null, TIMESTAMP '2015-04-09 15:05:00.000', 'Por favor me puede enviar un cobertor extra'),
(6, 1, 'HABITACION', null, TIMESTAMP '2015-04-09 16:15:00.000', 'Mi almohada esta sucia, podrián cambiarla por favor');